Province;Total infected cases;Today infected cases;Deaths;Date
Ho Chi Minh;112,215;2563;2105;06-Thg8-21
Binh Duong;22,689;322;144;06-Thg8-21
Long An;8,451;286;84;06-Thg8-21
Dong Nai;6,347;207;39;06-Thg8-21
Bac Giang;5,82;0;13;06-Thg8-21
Khanh Hoa;3,214;53;81;06-Thg8-21
Dong Thap;3;0;24;06-Thg8-21
Tien Giang;2,77;253;75;06-Thg8-21
Tay Ninh;2,377;0;1;06-Thg8-21
Ha Noi;2,069;1;25;06-Thg8-21
Ba Ria - Vung Tau;1,853;77;42;06-Thg8-21
Da Nang;1,759;0;13;06-Thg8-21
Can Tho;1,718;0;2;06-Thg8-21
Phu Yen;1,595;27;0;06-Thg8-21
Bac Ninh;1,469;0;6;06-Thg8-21
Vinh Long;1,155;63;16;06-Thg8-21
Binh Thuan;993;0;3;06-Thg8-21
Ben Tre;980;0;22;06-Thg8-21
Hai Duong;873;1;0;06-Thg8-21
An Giang;484;47;4;06-Thg8-21
Tra Vinh;455;34;3;06-Thg8-21
Kien Giang;404;17;2;06-Thg8-21
Ninh Thuan;336;0;0;06-Thg8-21
Soc Trang;322;0;2;06-Thg8-21
Quang Ngai;318;19;0;06-Thg8-21
Binh Dinh;307;0;4;06-Thg8-21
Quang Nam;300;0;0;06-Thg8-21
Dak Lak;292;0;2;06-Thg8-21
Hau Giang;259;0;0;06-Thg8-21
Hung Yen;256;0;1;06-Thg8-21
Nghe An;254;0;0;06-Thg8-21
Binh Phuoc;251;0;0;06-Thg8-21
Vinh Phuc;251;0;1;06-Thg8-21
Gia Lai;205;5;1;06-Thg8-21
Ha Tinh;182;14;0;06-Thg8-21
Thanh Hoa;137;2;1;06-Thg8-21
Thua Thien Hue;135;4;0;06-Thg8-21
Dak Nong;114;4;0;06-Thg8-21
Lang Son;104;2;0;06-Thg8-21
Bac Lieu;104;0;0;06-Thg8-21
Quang Ninh;101;0;0;06-Thg8-21
Thai Binh;86;0;0;06-Thg8-21
Lam Dong;81;0;0;06-Thg8-21
Ninh Binh;73;0;0;06-Thg8-21
Ha Nam;61;0;0;06-Thg8-21
Quang Binh;59;4;0;06-Thg8-21
Dien Bien;51;0;0;06-Thg8-21
Ca Mau;45;0;0;06-Thg8-21
Son La;40;0;0;06-Thg8-21
Lao Cai;38;0;0;06-Thg8-21
Hoa Binh;36;2;1;06-Thg8-21
Hai Phong;31;0;0;06-Thg8-21
Quang Tri;28;2;0;06-Thg8-21
Nam Dinh;24;0;0;06-Thg8-21
Ha Giang;22;0;0;06-Thg8-21
Kon Tum;20;0;0;06-Thg8-21
Thai Nguyen;19;0;0;06-Thg8-21
Phu Tho;16;0;0;06-Thg8-21
Yen Bai;7;0;0;06-Thg8-21
Bac Kan;6;0;0;06-Thg8-21
Lai Chau;2;0;0;06-Thg8-21
Tuyen Quang;2;0;0;06-Thg8-21
Ho Chi Minh;115,548;1836;2324;07-Thg8-21
Binh Duong;24,418;882;145;07-Thg8-21
Long An;9,184;160;104;07-Thg8-21
Dong Nai;7,16;466;53;07-Thg8-21
Bac Giang;5,82;0;13;07-Thg8-21
Khanh Hoa;3,313;11;81;07-Thg8-21
Dong Thap;3,229;0;27;07-Thg8-21
Tien Giang;2,935;165;79;07-Thg8-21
Tay Ninh;2,479;0;6;07-Thg8-21
Ha Noi;2,184;0;29;07-Thg8-21
Ba Ria - Vung Tau;1,914;0;43;07-Thg8-21
Da Nang;1,818;100;2;07-Thg8-21
Can Tho;1,759;0;14;07-Thg8-21
Phu Yen;1,642;31;0;07-Thg8-21
Bac Ninh;1,563;0;11;07-Thg8-21
Vinh Long;1,217;62;23;07-Thg8-21
Binh Thuan;1,059;0;4;07-Thg8-21
Ben Tre;1,032;0;29;07-Thg8-21
Hai Duong;880;3;0;07-Thg8-21
An Giang;484;0;4;07-Thg8-21
Tra Vinh;483;0;4;07-Thg8-21
Kien Giang;421;17;2;07-Thg8-21
Ninh Thuan;347;0;2;07-Thg8-21
Soc Trang;341;0;0;07-Thg8-21
Quang Ngai;335;17;0;07-Thg8-21
Binh Dinh;318;0;4;07-Thg8-21
Quang Nam;300;0;0;07-Thg8-21
Dak Lak;292;0;4;07-Thg8-21
Hau Giang;277;0;1;07-Thg8-21
Hung Yen;276;0;0;07-Thg8-21
Nghe An;266;0;0;07-Thg8-21
Binh Phuoc;256;0;0;07-Thg8-21
Vinh Phuc;253;0;1;07-Thg8-21
Gia Lai;213;0;2;07-Thg8-21
Ha Tinh;192;0;0;07-Thg8-21
Thanh Hoa;142;2;0;07-Thg8-21
Thua Thien Hue;137;0;1;07-Thg8-21
Dak Nong;121;7;0;07-Thg8-21
Lang Son;107;3;0;07-Thg8-21
Bac Lieu;105;0;0;07-Thg8-21
Quang Ninh;104;0;0;07-Thg8-21
Thai Binh;94;0;0;07-Thg8-21
Lam Dong;89;0;0;07-Thg8-21
Ninh Binh;73;0;0;07-Thg8-21
Ha Nam;71;2;0;07-Thg8-21
Quang Binh;61;0;0;07-Thg8-21
Dien Bien;49;0;0;07-Thg8-21
Ca Mau;45;0;0;07-Thg8-21
Son La;44;20;0;07-Thg8-21
Lao Cai;40;0;0;07-Thg8-21
Hoa Binh;38;0;0;07-Thg8-21
Hai Phong;37;0;0;07-Thg8-21
Quang Tri;36;0;1;07-Thg8-21
Nam Dinh;31;0;0;07-Thg8-21
Ha Giang;23;0;0;07-Thg8-21
Kon Tum;20;0;0;07-Thg8-21
Thai Nguyen;19;0;0;07-Thg8-21
Phu Tho;16;0;0;07-Thg8-21
Yen Bai;7;0;0;07-Thg8-21
Bac Kan;6;0;0;07-Thg8-21
Lai Chau;2;0;0;07-Thg8-21
Tuyen Quang;2;0;0;07-Thg8-21
Ho Chi Minh;123,891;2351;2744;09-Thg8-21
Binh Duong;29,353;1725;176;09-Thg8-21
Long An;10,402;287;111;09-Thg8-21
Dong Nai;8,2;183;34;09-Thg8-21
Bac Giang;5,82;0;12;09-Thg8-21
Khanh Hoa;3,597;0;25;09-Thg8-21
Dong Thap;3,472;18;77;09-Thg8-21
Tien Giang;2,935;0;54;09-Thg8-21
Tay Ninh;2,77;157;6;09-Thg8-21
Ha Noi;2,312;4;26;09-Thg8-21
Ba Ria - Vung Tau;2,183;177;1;09-Thg8-21
Da Nang;2,044;0;41;09-Thg8-21
Can Tho;1,802;27;12;09-Thg8-21
Phu Yen;1,762;31;0;09-Thg8-21
Bac Ninh;1,759;0;14;09-Thg8-21
Vinh Long;1,331;57;17;09-Thg8-21
Binh Thuan;1,166;0;4;09-Thg8-21
Ben Tre;1,101;0;17;09-Thg8-21
Hai Duong;896;5;0;09-Thg8-21
An Giang;580;50;1;09-Thg8-21
Tra Vinh;550;0;4;09-Thg8-21
Kien Giang;458;19;2;09-Thg8-21
Ninh Thuan;454;0;3;09-Thg8-21
Soc Trang;386;0;2;09-Thg8-21
Quang Ngai;362;0;0;09-Thg8-21
Binh Dinh;349;0;1;09-Thg8-21
Quang Nam;334;0;4;09-Thg8-21
Dak Lak;317;0;1;09-Thg8-21
Hau Giang;304;15;1;09-Thg8-21
Hung Yen;302;0;0;09-Thg8-21
Nghe An;277;0;1;09-Thg8-21
Binh Phuoc;263;0;0;09-Thg8-21
Vinh Phuc;254;0;1;09-Thg8-21
Gia Lai;227;14;0;09-Thg8-21
Ha Tinh;227;0;2;09-Thg8-21
Thanh Hoa;148;0;0;09-Thg8-21
Thua Thien Hue;145;17;0;09-Thg8-21
Dak Nong;142;14;0;09-Thg8-21
Lang Son;139;0;1;09-Thg8-21
Bac Lieu;113;1;0;09-Thg8-21
Quang Ninh;104;0;0;09-Thg8-21
Thai Binh;99;0;0;09-Thg8-21
Lam Dong;92;0;0;09-Thg8-21
Ninh Binh;91;0;0;09-Thg8-21
Ha Nam;74;0;0;09-Thg8-21
Quang Binh;65;0;0;09-Thg8-21
Dien Bien;61;0;0;09-Thg8-21
Ca Mau;52;1;1;09-Thg8-21
Son La;47;1;0;09-Thg8-21
Lao Cai;45;1;0;09-Thg8-21
Hoa Binh;45;0;0;09-Thg8-21
Hai Phong;38;0;0;09-Thg8-21
Quang Tri;36;0;1;09-Thg8-21
Nam Dinh;31;0;0;09-Thg8-21
Ha Giang;24;0;0;09-Thg8-21
Kon Tum;20;0;0;09-Thg8-21
Thai Nguyen;19;0;0;09-Thg8-21
Phu Tho;18;0;0;09-Thg8-21
Yen Bai;7;0;0;09-Thg8-21
Bac Kan;6;0;0;09-Thg8-21
Lai Chau;2;0;0;09-Thg8-21
Tuyen Quang;2;0;0;09-Thg8-21
Ho Chi Minh;128,024;2491;3013;10-Thg8-21
Binh Duong;31,84;1325;176;10-Thg8-21
Long An;10,715;313;114;10-Thg8-21
Dong Nai;8,909;354;72;10-Thg8-21
Bac Giang;5,821;0;12;10-Thg8-21
Khanh Hoa;3,63;0;26;10-Thg8-21
Dong Thap;3,546;13;79;10-Thg8-21
Tien Giang;3,286;100;93;10-Thg8-21
Tay Ninh;3,009;106;7;10-Thg8-21
Ha Noi;2,387;1;27;10-Thg8-21
Ba Ria - Vung Tau;2,357;109;1;10-Thg8-21
Da Nang;2,104;0;41;10-Thg8-21
Can Tho;1,896;23;14;10-Thg8-21
Phu Yen;1,828;13;0;10-Thg8-21
Bac Ninh;1,759;0;14;10-Thg8-21
Vinh Long;1,383;52;19;10-Thg8-21
Binh Thuan;1,2;0;4;10-Thg8-21
Ben Tre;1,159;58;17;10-Thg8-21
Hai Duong;904;1;0;10-Thg8-21
An Giang;633;53;1;10-Thg8-21
Tra Vinh;565;0;4;10-Thg8-21
Ninh Thuan;486;32;3;10-Thg8-21
Kien Giang;485;26;2;10-Thg8-21
Soc Trang;429;43;2;10-Thg8-21
Binh Dinh;394;0;3;10-Thg8-21
Quang Ngai;380;0;0;10-Thg8-21
Quang Nam;345;0;4;10-Thg8-21
Dak Lak;339;19;1;10-Thg8-21
Hau Giang;315;8;1;10-Thg8-21
Hung Yen;302;0;0;10-Thg8-21
Nghe An;289;0;1;10-Thg8-21
Binh Phuoc;268;0;0;10-Thg8-21
Vinh Phuc;254;0;1;10-Thg8-21
Ha Tinh;242;0;2;10-Thg8-21
Gia Lai;233;6;0;10-Thg8-21
Thua Thien Hue;155;0;0;10-Thg8-21
Thanh Hoa;148;0;0;10-Thg8-21
Dak Nong;142;0;0;10-Thg8-21
Lang Son;139;0;1;10-Thg8-21
Lam Dong;122;0;0;10-Thg8-21
Bac Lieu;114;1;0;10-Thg8-21
Quang Ninh;104;0;0;10-Thg8-21
Ninh Binh;101;0;0;10-Thg8-21
Thai Binh;101;0;0;10-Thg8-21
Ha Nam;74;0;0;10-Thg8-21
Quang Binh;68;0;0;10-Thg8-21
Dien Bien;61;0;0;10-Thg8-21
Ca Mau;54;2;1;10-Thg8-21
Son La;47;0;0;10-Thg8-21
Lao Cai;45;0;0;10-Thg8-21
Hoa Binh;45;0;0;10-Thg8-21
Hai Phong;38;0;0;10-Thg8-21
Quang Tri;36;0;1;10-Thg8-21
Nam Dinh;31;0;0;10-Thg8-21
Ha Giang;24;0;0;10-Thg8-21
Kon Tum;20;0;0;10-Thg8-21
Thai Nguyen;19;0;0;10-Thg8-21
Phu Tho;18;0;0;10-Thg8-21
Yen Bai;7;0;0;10-Thg8-21
Bac Kan;6;0;0;10-Thg8-21
Tuyen Quang;2;0;0;10-Thg8-21
Lai Chau;2;0;0;10-Thg8-21
Ho Chi Minh;131,618;2128;3321;11-Thg8-21
Binh Duong;32,776;936;220;11-Thg8-21
Long An;11,807;515;124;11-Thg8-21
Dong Nai;9,715;428;76;11-Thg8-21
Bac Giang;5,823;0;12;11-Thg8-21
Khanh Hoa;3,671;41;27;11-Thg8-21
Dong Thap;3,649;15;84;11-Thg8-21
Tien Giang;3,463;177;96;11-Thg8-21
Tay Ninh;3,272;263;7;11-Thg8-21
Ba Ria - Vung Tau;2,459;102;1;11-Thg8-21
Ha Noi;2,45;3;30;11-Thg8-21
Da Nang;2,178;0;42;11-Thg8-21
Can Tho;1,979;0;18;11-Thg8-21
Phu Yen;1,885;33;0;11-Thg8-21
Bac Ninh;1,759;0;14;11-Thg8-21
Vinh Long;1,446;63;19;11-Thg8-21
Binh Thuan;1,29;27;4;11-Thg8-21
Ben Tre;1,208;0;19;11-Thg8-21
Hai Duong;911;0;0;11-Thg8-21
An Giang;633;0;1;11-Thg8-21
Tra Vinh;573;0;4;11-Thg8-21
Ninh Thuan;515;0;3;11-Thg8-21
Kien Giang;500;12;3;11-Thg8-21
Soc Trang;450;0;4;11-Thg8-21
Nghe An;419;2;1;11-Thg8-21
Binh Dinh;404;10;3;11-Thg8-21
Quang Ngai;400;9;0;11-Thg8-21
Dak Lak;375;0;1;11-Thg8-21
Quang Nam;353;0;4;11-Thg8-21
Hau Giang;326;0;1;11-Thg8-21
Hung Yen;302;0;0;11-Thg8-21
Gia Lai;270;0;0;11-Thg8-21
Binh Phuoc;268;0;0;11-Thg8-21
Ha Tinh;264;7;2;11-Thg8-21
Vinh Phuc;254;0;1;11-Thg8-21
Thua Thien Hue;160;0;0;11-Thg8-21
Dak Nong;159;0;0;11-Thg8-21
Thanh Hoa;148;0;0;11-Thg8-21
Lam Dong;140;0;0;11-Thg8-21
Lang Son;140;1;1;11-Thg8-21
Bac Lieu;117;0;0;11-Thg8-21
Thai Binh;105;0;0;11-Thg8-21
Quang Ninh;104;0;0;11-Thg8-21
Ninh Binh;101;0;0;11-Thg8-21
Ha Nam;74;0;0;11-Thg8-21
Quang Binh;69;0;0;11-Thg8-21
Son La;68;19;0;11-Thg8-21
Dien Bien;61;0;0;11-Thg8-21
Lao Cai;57;0;0;11-Thg8-21
Ca Mau;54;0;1;11-Thg8-21
Hoa Binh;45;0;0;11-Thg8-21
Hai Phong;38;0;0;11-Thg8-21
Quang Tri;36;0;1;11-Thg8-21
Nam Dinh;33;1;0;11-Thg8-21
Ha Giang;24;0;0;11-Thg8-21
Kon Tum;20;0;0;11-Thg8-21
Thai Nguyen;19;0;0;11-Thg8-21
Phu Tho;18;0;0;11-Thg8-21
Yen Bai;7;0;0;11-Thg8-21
Bac Kan;6;0;0;11-Thg8-21
Lai Chau;2;0;0;11-Thg8-21
Tuyen Quang;2;0;0;11-Thg8-21
Ho Chi Minh;132,906;0;3582;12-Thg8-21
Binh Duong;33,737;0;242;12-Thg8-21
Long An;12,255;0;134;12-Thg8-21
Dong Nai;10,266;0;87;12-Thg8-21
Bac Giang;5,823;0;12;12-Thg8-21
Dong Thap;3,825;0;94;12-Thg8-21
Khanh Hoa;3,733;0;27;12-Thg8-21
Tien Giang;3,463;0;98;12-Thg8-21
Tay Ninh;3,272;0;7;12-Thg8-21
Ba Ria - Vung Tau;2,538;0;2;12-Thg8-21
Ha Noi;2,487;0;30;12-Thg8-21
Da Nang;2,234;0;43;12-Thg8-21
Can Tho;2,082;0;42;12-Thg8-21
Phu Yen;1,918;0;0;12-Thg8-21
Bac Ninh;1,759;0;14;12-Thg8-21
Vinh Long;1,446;0;19;12-Thg8-21
Binh Thuan;1,331;0;4;12-Thg8-21
Ben Tre;1,208;0;19;12-Thg8-21
Hai Duong;915;0;0;12-Thg8-21
An Giang;675;0;1;12-Thg8-21
Tra Vinh;573;0;4;12-Thg8-21
Ninh Thuan;534;0;3;12-Thg8-21
Kien Giang;500;0;3;12-Thg8-21
Soc Trang;450;0;4;12-Thg8-21
Nghe An;433;0;1;12-Thg8-21
Quang Ngai;405;0;0;12-Thg8-21
Binh Dinh;404;0;3;12-Thg8-21
Dak Lak;375;0;1;12-Thg8-21
Quang Nam;357;0;4;12-Thg8-21
Hau Giang;326;0;1;12-Thg8-21
Hung Yen;302;0;0;12-Thg8-21
Binh Phuoc;287;0;0;12-Thg8-21
Gia Lai;270;0;0;12-Thg8-21
Ha Tinh;266;0;2;12-Thg8-21
Vinh Phuc;254;0;1;12-Thg8-21
Thanh Hoa;161;0;0;12-Thg8-21
Thua Thien Hue;161;0;0;12-Thg8-21
Dak Nong;159;0;0;12-Thg8-21
Lam Dong;140;0;0;12-Thg8-21
Lang Son;140;0;1;12-Thg8-21
Bac Lieu;119;0;0;12-Thg8-21
Thai Binh;105;0;0;12-Thg8-21
Quang Ninh;104;0;0;12-Thg8-21
Ninh Binh;101;0;0;12-Thg8-21
Ha Nam;74;0;0;12-Thg8-21
Quang Binh;69;0;0;12-Thg8-21
Son La;68;0;0;12-Thg8-21
Dien Bien;61;0;0;12-Thg8-21
Lao Cai;57;0;0;12-Thg8-21
Ca Mau;55;0;1;12-Thg8-21
Hoa Binh;45;0;0;12-Thg8-21
Hai Phong;38;0;0;12-Thg8-21
Quang Tri;37;0;1;12-Thg8-21
Nam Dinh;35;0;0;12-Thg8-21
Ha Giang;24;0;0;12-Thg8-21
Kon Tum;20;0;0;12-Thg8-21
Thai Nguyen;19;0;0;12-Thg8-21
Phu Tho;18;0;0;12-Thg8-21
Yen Bai;7;0;0;12-Thg8-21
Bac Kan;6;0;0;12-Thg8-21
Tuyen Quang;2;0;0;12-Thg8-21
Lai Chau;2;0;0;12-Thg8-21
Ho Chi Minh;136,756;0;3807;13-Thg8-21
Binh Duong;36,765;0;284;13-Thg8-21
Long An;12,609;0;140;13-Thg8-21
Dong Nai;11,34;0;87;13-Thg8-21
Bac Giang;5,823;0;12;13-Thg8-21
Dong Thap;3,957;0;94;13-Thg8-21
Khanh Hoa;3,906;0;26;13-Thg8-21
Tien Giang;3,675;0;122;13-Thg8-21
Tay Ninh;3,351;0;7;13-Thg8-21
Ha Noi;2,565;0;30;13-Thg8-21
Ba Ria - Vung Tau;2,538;0;21;13-Thg8-21
Da Nang;2,312;0;45;13-Thg8-21
Can Tho;2,21;0;42;13-Thg8-21
Phu Yen;1,964;0;0;13-Thg8-21
Bac Ninh;1,759;0;15;13-Thg8-21
Vinh Long;1,446;0;22;13-Thg8-21
Binh Thuan;1,363;0;6;13-Thg8-21
Ben Tre;1,242;0;22;13-Thg8-21
Hai Duong;916;0;0;13-Thg8-21
An Giang;691;0;1;13-Thg8-21
Tra Vinh;664;0;4;13-Thg8-21
Ninh Thuan;558;0;3;13-Thg8-21
Kien Giang;523;0;3;13-Thg8-21
Soc Trang;470;0;4;13-Thg8-21
Nghe An;447;0;1;13-Thg8-21
Binh Dinh;424;0;3;13-Thg8-21
Quang Ngai;421;0;0;13-Thg8-21
Dak Lak;405;0;1;13-Thg8-21
Quang Nam;359;0;4;13-Thg8-21
Hau Giang;340;0;1;13-Thg8-21
Hung Yen;303;0;0;13-Thg8-21
Binh Phuoc;293;0;0;13-Thg8-21
Gia Lai;279;0;0;13-Thg8-21
Ha Tinh;274;0;2;13-Thg8-21
Vinh Phuc;254;0;1;13-Thg8-21
Thua Thien Hue;181;0;0;13-Thg8-21
Thanh Hoa;167;0;0;13-Thg8-21
Dak Nong;165;0;0;13-Thg8-21
Lam Dong;162;0;0;13-Thg8-21
Lang Son;140;0;1;13-Thg8-21
Bac Lieu;122;0;0;13-Thg8-21
Thai Binh;111;0;0;13-Thg8-21
Quang Ninh;104;0;0;13-Thg8-21
Ninh Binh;102;0;0;13-Thg8-21
Quang Binh;74;0;0;13-Thg8-21
Ha Nam;74;0;0;13-Thg8-21
Son La;68;0;0;13-Thg8-21
Dien Bien;61;0;0;13-Thg8-21
Lao Cai;58;0;0;13-Thg8-21
Ca Mau;56;0;1;13-Thg8-21
Hoa Binh;45;0;0;13-Thg8-21
Hai Phong;38;0;0;13-Thg8-21
Quang Tri;37;0;1;13-Thg8-21
Nam Dinh;37;0;0;13-Thg8-21
Ha Giang;24;0;0;13-Thg8-21
Kon Tum;21;0;0;13-Thg8-21
Thai Nguyen;19;0;0;13-Thg8-21
Phu Tho;18;0;0;13-Thg8-21
Yen Bai;7;0;0;13-Thg8-21
Bac Kan;6;0;0;13-Thg8-21
Lai Chau;2;0;0;13-Thg8-21
Tuyen Quang;2;0;0;13-Thg8-21
Ho Chi Minh;140,288;0;4030;14-Thg8-21
Binh Duong;39,581;0;309;14-Thg8-21
Long An;13,232;0;143;14-Thg8-21
Dong Nai;12,148;0;90;14-Thg8-21
Bac Giang;5,823;0;12;14-Thg8-21
Khanh Hoa;4,149;0;28;14-Thg8-21
Dong Thap;4,109;0;98;14-Thg8-21
Tien Giang;3,675;0;129;14-Thg8-21
Tay Ninh;3,412;0;7;14-Thg8-21
Ha Noi;2,662;0;30;14-Thg8-21
Ba Ria - Vung Tau;2,607;0;21;14-Thg8-21
Da Nang;2,37;0;45;14-Thg8-21
Can Tho;2,352;0;43;14-Thg8-21
Phu Yen;2,028;0;0;14-Thg8-21
Bac Ninh;1,759;0;15;14-Thg8-21
Vinh Long;1,517;0;22;14-Thg8-21
Binh Thuan;1,391;0;9;14-Thg8-21
Ben Tre;1,242;0;26;14-Thg8-21
Hai Duong;920;0;0;14-Thg8-21
Tra Vinh;804;0;4;14-Thg8-21
An Giang;752;0;1;14-Thg8-21
Ninh Thuan;565;0;3;14-Thg8-21
Kien Giang;531;0;3;14-Thg8-21
Soc Trang;470;0;4;14-Thg8-21
Nghe An;461;0;1;14-Thg8-21
Binh Dinh;436;0;3;14-Thg8-21
Quang Ngai;431;0;0;14-Thg8-21
Dak Lak;412;0;1;14-Thg8-21
Quang Nam;363;0;4;14-Thg8-21
Hau Giang;343;0;1;14-Thg8-21
Hung Yen;325;0;0;14-Thg8-21
Binh Phuoc;300;0;0;14-Thg8-21
Gia Lai;297;0;0;14-Thg8-21
Ha Tinh;289;0;2;14-Thg8-21
Vinh Phuc;254;0;1;14-Thg8-21
Thua Thien Hue;212;0;0;14-Thg8-21
Dak Nong;181;0;0;14-Thg8-21
Thanh Hoa;171;0;0;14-Thg8-21
Lam Dong;164;0;0;14-Thg8-21
Lang Son;144;0;1;14-Thg8-21
Bac Lieu;127;0;0;14-Thg8-21
Thai Binh;111;0;0;14-Thg8-21
Quang Ninh;104;0;0;14-Thg8-21
Ninh Binh;102;0;0;14-Thg8-21
Quang Binh;78;0;0;14-Thg8-21
Ha Nam;74;0;0;14-Thg8-21
Son La;68;0;0;14-Thg8-21
Dien Bien;61;0;0;14-Thg8-21
Lao Cai;59;0;0;14-Thg8-21
Ca Mau;57;0;1;14-Thg8-21
Hoa Binh;45;0;0;14-Thg8-21
Quang Tri;45;0;1;14-Thg8-21
Nam Dinh;38;0;0;14-Thg8-21
Hai Phong;38;0;0;14-Thg8-21
Ha Giang;24;0;0;14-Thg8-21
Kon Tum;21;0;0;14-Thg8-21
Thai Nguyen;19;0;0;14-Thg8-21
Phu Tho;18;0;0;14-Thg8-21
Yen Bai;7;0;0;14-Thg8-21
Bac Kan;6;0;0;14-Thg8-21
Lai Chau;2;0;0;14-Thg8-21
Tuyen Quang;2;0;0;14-Thg8-21
Ho Chi Minh;144,519;0;4315;15-Thg8-21
Binh Duong;41,61;0;341;15-Thg8-21
Long An;13,885;0;153;15-Thg8-21
Dong Nai;13,171;0;93;15-Thg8-21
Bac Giang;5,823;0;12;15-Thg8-21
Khanh Hoa;4,313;0;29;15-Thg8-21
Dong Thap;4,229;0;98;15-Thg8-21
Tien Giang;4,136;0;134;15-Thg8-21
Tay Ninh;3,509;0;7;15-Thg8-21
Ha Noi;2,702;0;31;15-Thg8-21
Ba Ria - Vung Tau;2,686;0;21;15-Thg8-21
Can Tho;2,516;0;45;15-Thg8-21
Da Nang;2,457;0;48;15-Thg8-21
Phu Yen;2,068;0;0;15-Thg8-21
Bac Ninh;1,76;0;15;15-Thg8-21
Vinh Long;1,574;0;23;15-Thg8-21
Binh Thuan;1,427;0;10;15-Thg8-21
Ben Tre;1,282;0;27;15-Thg8-21
Hai Duong;923;0;0;15-Thg8-21
Tra Vinh;820;0;5;15-Thg8-21
An Giang;787;0;1;15-Thg8-21
Ninh Thuan;587;0;3;15-Thg8-21
Kien Giang;563;0;4;15-Thg8-21
Nghe An;473;0;1;15-Thg8-21
Soc Trang;470;0;5;15-Thg8-21
Quang Ngai;466;0;0;15-Thg8-21
Binh Dinh;459;0;3;15-Thg8-21
Dak Lak;438;0;1;15-Thg8-21
Gia Lai;367;0;0;15-Thg8-21
Quang Nam;363;0;4;15-Thg8-21
Hau Giang;343;0;2;15-Thg8-21
Hung Yen;325;0;0;15-Thg8-21
Binh Phuoc;305;0;0;15-Thg8-21
Ha Tinh;289;0;2;15-Thg8-21
Thua Thien Hue;269;0;0;15-Thg8-21
Vinh Phuc;254;0;1;15-Thg8-21
Dak Nong;181;0;0;15-Thg8-21
Lam Dong;178;0;0;15-Thg8-21
Thanh Hoa;174;0;0;15-Thg8-21
Lang Son;146;0;1;15-Thg8-21
Bac Lieu;130;0;0;15-Thg8-21
Thai Binh;113;0;0;15-Thg8-21
Quang Ninh;104;0;0;15-Thg8-21
Ninh Binh;102;0;0;15-Thg8-21
Son La;85;0;0;15-Thg8-21
Quang Binh;79;0;0;15-Thg8-21
Ha Nam;74;0;0;15-Thg8-21
Lao Cai;61;0;0;15-Thg8-21
Dien Bien;61;0;0;15-Thg8-21
Ca Mau;59;0;1;15-Thg8-21
Quang Tri;49;0;1;15-Thg8-21
Nam Dinh;46;0;0;15-Thg8-21
Hoa Binh;45;0;0;15-Thg8-21
Hai Phong;38;0;0;15-Thg8-21
Ha Giang;24;0;0;15-Thg8-21
Kon Tum;21;0;0;15-Thg8-21
Thai Nguyen;19;0;0;15-Thg8-21
Phu Tho;18;0;0;15-Thg8-21
Yen Bai;7;0;0;15-Thg8-21
Bac Kan;6;0;0;15-Thg8-21
Tuyen Quang;2;0;0;15-Thg8-21
Lai Chau;2;0;0;15-Thg8-21
Ho Chi Minh;149035;0;4597;16-Thg8-21
Binh Duong;43968;0;361;16-Thg8-21
Long An;14399;0;162;16-Thg8-21
Dong Nai;13717;0;98;16-Thg8-21
Bac Giang;5824;0;12;16-Thg8-21
Dong Thap;4500;0;100;16-Thg8-21
Khanh Hoa;4479;0;30;16-Thg8-21
Tien Giang;4345;0;140;16-Thg8-21
Tay Ninh;3668;0;7;16-Thg8-21
Ha Noi;2741;0;31;16-Thg8-21
Ba Ria - Vung Tau;2702;0;24;16-Thg8-21
Can Tho;2686;0;46;16-Thg8-21
Da Nang;2540;0;48;16-Thg8-21
Phu Yen;2095;0;0;16-Thg8-21
Bac Ninh;1781;0;15;16-Thg8-21
Vinh Long;1574;0;23;16-Thg8-21
Binh Thuan;1466;0;10;16-Thg8-21
Ben Tre;1342;0;28;16-Thg8-21
Hai Duong;928;0;0;16-Thg8-21
An Giang;821;0;1;16-Thg8-21
Tra Vinh;820;0;7;16-Thg8-21
Ninh Thuan;609;0;3;16-Thg8-21
Kien Giang;582;0;4;16-Thg8-21
Soc Trang;552;0;7;16-Thg8-21
Quang Ngai;500;0;0;16-Thg8-21
Nghe An;500;0;1;16-Thg8-21
Binh Dinh;481;0;3;16-Thg8-21
Dak Lak;438;0;1;16-Thg8-21
Quang Nam;389;0;5;16-Thg8-21
Gia Lai;375;0;0;16-Thg8-21
Hau Giang;353;0;2;16-Thg8-21
Hung Yen;326;0;0;16-Thg8-21
Binh Phuoc;309;0;1;16-Thg8-21
Ha Tinh;303;0;2;16-Thg8-21
Thua Thien Hue;277;0;0;16-Thg8-21
Vinh Phuc;254;0;1;16-Thg8-21
Dak Nong;194;0;0;16-Thg8-21
Lam Dong;189;0;0;16-Thg8-21
Thanh Hoa;176;0;0;16-Thg8-21
Lang Son;146;0;1;16-Thg8-21
Bac Lieu;130;0;0;16-Thg8-21
Thai Binh;115;0;0;16-Thg8-21
Quang Ninh;104;0;0;16-Thg8-21
Ninh Binh;103;0;0;16-Thg8-21
Son La;85;0;0;16-Thg8-21
Quang Binh;81;0;0;16-Thg8-21
Lao Cai;79;0;0;16-Thg8-21
Ha Nam;74;0;0;16-Thg8-21
Ca Mau;65;0;1;16-Thg8-21
Dien Bien;61;0;0;16-Thg8-21
Quang Tri;57;0;1;16-Thg8-21
Nam Dinh;46;0;0;16-Thg8-21
Hoa Binh;45;0;0;16-Thg8-21
Hai Phong;38;0;0;16-Thg8-21
Ha Giang;24;0;0;16-Thg8-21
Kon Tum;21;0;0;16-Thg8-21
Thai Nguyen;19;0;0;16-Thg8-21
Phu Tho;18;0;0;16-Thg8-21
Yen Bai;7;0;0;16-Thg8-21
Bac Kan;6;0;0;16-Thg8-21
Tuyen Quang;2;0;0;16-Thg8-21
Lai Chau;2;0;0;16-Thg8-21
Ho Chi Minh;152376;0;4912;17-Thg8-21
Binh Duong;46490;0;390;17-Thg8-21
Long An;14998;0;170;17-Thg8-21
Dong Nai;14305;0;99;17-Thg8-21
Bac Giang;5824;0;12;17-Thg8-21
Khanh Hoa;4741;0;31;17-Thg8-21
Dong Thap;4658;0;101;17-Thg8-21
Tien Giang;4497;0;144;17-Thg8-21
Tay Ninh;3720;0;8;17-Thg8-21
Ha Noi;2791;0;33;17-Thg8-21
Can Tho;2772;0;46;17-Thg8-21
Ba Ria - Vung Tau;2702;0;24;17-Thg8-21
Da Nang;2636;0;48;17-Thg8-21
Phu Yen;2157;0;0;17-Thg8-21
Bac Ninh;1792;0;15;17-Thg8-21
Vinh Long;1705;0;23;17-Thg8-21
Binh Thuan;1499;0;11;17-Thg8-21
Ben Tre;1342;0;28;17-Thg8-21
Hai Duong;929;0;0;17-Thg8-21
An Giang;908;0;1;17-Thg8-21
Tra Vinh;891;0;7;17-Thg8-21
Ninh Thuan;636;0;3;17-Thg8-21
Soc Trang;627;0;8;17-Thg8-21
Kien Giang;614;0;4;17-Thg8-21
Nghe An;524;0;1;17-Thg8-21
Quang Ngai;504;0;0;17-Thg8-21
Binh Dinh;484;0;4;17-Thg8-21
Dak Lak;449;0;2;17-Thg8-21
Gia Lai;400;0;0;17-Thg8-21
Quang Nam;400;0;5;17-Thg8-21
Hau Giang;359;0;2;17-Thg8-21
Thua Thien Hue;337;0;1;17-Thg8-21
Hung Yen;326;0;1;17-Thg8-21
Ha Tinh;320;0;2;17-Thg8-21
Binh Phuoc;315;0;1;17-Thg8-21
Vinh Phuc;254;0;1;17-Thg8-21
Lam Dong;197;0;0;17-Thg8-21
Dak Nong;194;0;0;17-Thg8-21
Thanh Hoa;182;0;0;17-Thg8-21
Lang Son;150;0;1;17-Thg8-21
Bac Lieu;132;0;0;17-Thg8-21
Thai Binh;115;0;0;17-Thg8-21
Ninh Binh;106;0;0;17-Thg8-21
Quang Ninh;104;0;0;17-Thg8-21
Son La;87;0;0;17-Thg8-21
Quang Binh;83;0;0;17-Thg8-21
Lao Cai;81;0;0;17-Thg8-21
Ha Nam;75;0;0;17-Thg8-21
Ca Mau;69;0;1;17-Thg8-21
Dien Bien;61;0;0;17-Thg8-21
Quang Tri;57;0;1;17-Thg8-21
Nam Dinh;52;0;0;17-Thg8-21
Hoa Binh;45;0;0;17-Thg8-21
Hai Phong;38;0;0;17-Thg8-21
Ha Giang;24;0;0;17-Thg8-21
Kon Tum;21;0;0;17-Thg8-21
Thai Nguyen;20;0;0;17-Thg8-21
Phu Tho;18;0;0;17-Thg8-21
Yen Bai;7;0;0;17-Thg8-21
Bac Kan;6;0;0;17-Thg8-21
Tuyen Quang;2;0;0;17-Thg8-21
Lai Chau;2;0;0;17-Thg8-21
Ho Chi Minh;155941;0;5197;18-Thg8-21
Binh Duong;49822;0;402;18-Thg8-21
Long An;15579;0;179;18-Thg8-21
Dong Nai;14603;0;105;18-Thg8-21
Bac Giang;5824;0;12;18-Thg8-21
Tien Giang;4908;0;151;18-Thg8-21
Khanh Hoa;4880;0;32;18-Thg8-21
Dong Thap;4829;0;104;18-Thg8-21
Tay Ninh;3808;0;8;18-Thg8-21
Can Tho;2944;0;50;18-Thg8-21
Ha Noi;2852;0;33;18-Thg8-21
Ba Ria - Vung Tau;2782;0;24;18-Thg8-21
Da Nang;2760;0;48;18-Thg8-21
Phu Yen;2228;0;0;18-Thg8-21
Bac Ninh;1814;0;15;18-Thg8-21
Vinh Long;1781;0;24;18-Thg8-21
Binh Thuan;1554;0;12;18-Thg8-21
Ben Tre;1352;0;29;18-Thg8-21
Tra Vinh;970;0;7;18-Thg8-21
An Giang;941;0;1;18-Thg8-21
Hai Duong;929;0;0;18-Thg8-21
Soc Trang;671;0;8;18-Thg8-21
Ninh Thuan;647;0;3;18-Thg8-21
Kien Giang;645;0;4;18-Thg8-21
Nghe An;540;0;1;18-Thg8-21
Quang Ngai;509;0;0;18-Thg8-21
Binh Dinh;496;0;5;18-Thg8-21
Dak Lak;473;0;2;18-Thg8-21
Gia Lai;426;0;0;18-Thg8-21
Quang Nam;411;0;5;18-Thg8-21
Hau Giang;359;0;2;18-Thg8-21
Ha Tinh;339;0;2;18-Thg8-21
Thua Thien Hue;338;0;1;18-Thg8-21
Hung Yen;326;0;1;18-Thg8-21
Binh Phuoc;318;0;1;18-Thg8-21
Vinh Phuc;254;0;1;18-Thg8-21
Lam Dong;200;0;0;18-Thg8-21
Dak Nong;194;0;0;18-Thg8-21
Thanh Hoa;194;0;0;18-Thg8-21
Lang Son;153;0;1;18-Thg8-21
Bac Lieu;135;0;0;18-Thg8-21
Thai Binh;116;0;0;18-Thg8-21
Ninh Binh;106;0;0;18-Thg8-21
Quang Ninh;104;0;0;18-Thg8-21
Son La;87;0;0;18-Thg8-21
Lao Cai;85;0;0;18-Thg8-21
Quang Binh;83;0;0;18-Thg8-21
Ha Nam;75;0;0;18-Thg8-21
Ca Mau;71;0;1;18-Thg8-21
Quang Tri;62;0;1;18-Thg8-21
Dien Bien;61;0;0;18-Thg8-21
Nam Dinh;52;0;0;18-Thg8-21
Hoa Binh;45;0;0;18-Thg8-21
Hai Phong;38;0;0;18-Thg8-21
Ha Giang;24;0;0;18-Thg8-21
Kon Tum;21;0;0;18-Thg8-21
Thai Nguyen;21;0;0;18-Thg8-21
Phu Tho;18;0;0;18-Thg8-21
Yen Bai;7;0;0;18-Thg8-21
Bac Kan;6;0;0;18-Thg8-21
Tuyen Quang;2;0;0;18-Thg8-21
Lai Chau;2;0;0;18-Thg8-21
Cao Bang;0;0;0;18-Thg8-21
Ho Chi Minh;159674;0;5452;19-Thg8-21
Binh Duong;52335;0;422;19-Thg8-21
Long An;16007;0;190;19-Thg8-21
Dong Nai;15046;0;106;19-Thg8-21
Bac Giang;5824;0;13;19-Thg8-21
Tien Giang;5190;0;151;19-Thg8-21
Khanh Hoa;4966;0;32;19-Thg8-21
Dong Thap;4860;0;105;19-Thg8-21
Tay Ninh;3912;0;8;19-Thg8-21
Can Tho;3035;0;52;19-Thg8-21
Ha Noi;2900;0;33;19-Thg8-21
Da Nang;2894;0;49;19-Thg8-21
Ba Ria - Vung Tau;2782;0;24;19-Thg8-21
Phu Yen;2293;0;0;19-Thg8-21
Vinh Long;1842;0;26;19-Thg8-21
Bac Ninh;1821;0;15;19-Thg8-21
Binh Thuan;1574;0;13;19-Thg8-21
Ben Tre;1424;0;31;19-Thg8-21
An Giang;1046;0;1;19-Thg8-21
Tra Vinh;970;0;7;19-Thg8-21
Hai Duong;929;0;0;19-Thg8-21
Kien Giang;814;0;5;19-Thg8-21
Soc Trang;671;0;8;19-Thg8-21
Ninh Thuan;655;0;3;19-Thg8-21
Nghe An;599;0;1;19-Thg8-21
Quang Ngai;518;0;0;19-Thg8-21
Binh Dinh;511;0;5;19-Thg8-21
Dak Lak;478;0;2;19-Thg8-21
Quang Nam;464;0;5;19-Thg8-21
Gia Lai;433;0;0;19-Thg8-21
Hau Giang;375;0;2;19-Thg8-21
Thua Thien Hue;355;0;1;19-Thg8-21
Ha Tinh;347;0;2;19-Thg8-21
Hung Yen;330;0;1;19-Thg8-21
Binh Phuoc;318;0;1;19-Thg8-21
Vinh Phuc;255;0;1;19-Thg8-21
Dak Nong;207;0;0;19-Thg8-21
Lam Dong;206;0;0;19-Thg8-21
Thanh Hoa;200;0;0;19-Thg8-21
Lang Son;154;0;1;19-Thg8-21
Bac Lieu;136;0;0;19-Thg8-21
Thai Binh;117;0;0;19-Thg8-21
Quang Ninh;107;0;0;19-Thg8-21
Ninh Binh;107;0;0;19-Thg8-21
Quang Binh;91;0;0;19-Thg8-21
Lao Cai;89;0;0;19-Thg8-21
Son La;89;0;0;19-Thg8-21
Ha Nam;75;0;0;19-Thg8-21
Quang Tri;74;0;1;19-Thg8-21
Ca Mau;73;0;1;19-Thg8-21
Dien Bien;62;0;0;19-Thg8-21
Nam Dinh;52;0;0;19-Thg8-21
Hoa Binh;45;0;0;19-Thg8-21
Hai Phong;38;0;0;19-Thg8-21
Ha Giang;24;0;0;19-Thg8-21
Kon Tum;21;0;0;19-Thg8-21
Thai Nguyen;21;0;0;19-Thg8-21
Phu Tho;18;0;0;19-Thg8-21
Yen Bai;7;0;0;19-Thg8-21
Bac Kan;7;0;0;19-Thg8-21
Tuyen Quang;2;0;0;19-Thg8-21
Lai Chau;2;0;0;19-Thg8-21
Cao Bang;0;0;0;19-Thg8-21
Ho Chi Minh;164099;0;5759;20-Thg8-21
Binh Duong;55590;0;467;20-Thg8-21
Long An;16552;0;207;20-Thg8-21
Dong Nai;15703;0;106;20-Thg8-21
Bac Giang;5831;0;13;20-Thg8-21
Tien Giang;5668;0;153;20-Thg8-21
Khanh Hoa;5121;0;32;20-Thg8-21
Dong Thap;5045;0;105;20-Thg8-21
Tay Ninh;4015;0;8;20-Thg8-21
Can Tho;3169;0;55;20-Thg8-21
Da Nang;3058;0;49;20-Thg8-21
Ha Noi;2953;0;33;20-Thg8-21
Ba Ria - Vung Tau;2782;0;24;20-Thg8-21
Phu Yen;2337;0;0;20-Thg8-21
Vinh Long;1902;0;28;20-Thg8-21
Bac Ninh;1825;0;15;20-Thg8-21
Binh Thuan;1617;0;15;20-Thg8-21
Ben Tre;1424;0;33;20-Thg8-21
An Giang;1116;0;1;20-Thg8-21
Tra Vinh;1021;0;7;20-Thg8-21
Hai Duong;931;0;0;20-Thg8-21
Kien Giang;831;0;5;20-Thg8-21
Soc Trang;671;0;8;20-Thg8-21
Ninh Thuan;662;0;3;20-Thg8-21
Nghe An;644;0;1;20-Thg8-21
Binh Dinh;535;0;5;20-Thg8-21
Quang Ngai;534;0;0;20-Thg8-21
Quang Nam;488;0;5;20-Thg8-21
Dak Lak;478;0;2;20-Thg8-21
Gia Lai;433;0;0;20-Thg8-21
Hau Giang;381;0;2;20-Thg8-21
Thua Thien Hue;355;0;1;20-Thg8-21
Ha Tinh;354;0;2;20-Thg8-21
Hung Yen;330;0;1;20-Thg8-21
Binh Phuoc;326;0;1;20-Thg8-21
Vinh Phuc;255;0;1;20-Thg8-21
Dak Nong;207;0;0;20-Thg8-21
Thanh Hoa;206;0;0;20-Thg8-21
Lam Dong;206;0;0;20-Thg8-21
Lang Son;155;0;1;20-Thg8-21
Bac Lieu;138;0;0;20-Thg8-21
Thai Binh;118;0;0;20-Thg8-21
Son La;115;0;0;20-Thg8-21
Ninh Binh;109;0;0;20-Thg8-21
Quang Ninh;107;0;0;20-Thg8-21
Quang Binh;95;0;0;20-Thg8-21
Lao Cai;89;0;0;20-Thg8-21
Quang Tri;83;0;1;20-Thg8-21
Ha Nam;75;0;0;20-Thg8-21
Ca Mau;73;0;1;20-Thg8-21
Dien Bien;62;0;0;20-Thg8-21
Nam Dinh;56;0;0;20-Thg8-21
Hai Phong;48;0;0;20-Thg8-21
Hoa Binh;45;0;0;20-Thg8-21
Ha Giang;24;0;0;20-Thg8-21
Thai Nguyen;21;0;0;20-Thg8-21
Kon Tum;21;0;0;20-Thg8-21
Phu Tho;18;0;0;20-Thg8-21
Yen Bai;7;0;0;20-Thg8-21
Bac Kan;7;0;0;20-Thg8-21
Tuyen Quang;2;0;0;20-Thg8-21
Lai Chau;2;0;0;20-Thg8-21
Cao Bang;0;0;0;20-Thg8-21
Ho Chi Minh;167476;0;6071;21-Thg8-21
Binh Duong;59813;0;508;21-Thg8-21
Long An;17047;0;215;21-Thg8-21
Dong Nai;16389;0;113;21-Thg8-21
Tien Giang;6035;0;160;21-Thg8-21
Bac Giang;5849;0;13;21-Thg8-21
Khanh Hoa;5268;0;35;21-Thg8-21
Dong Thap;5201;0;105;21-Thg8-21
Tay Ninh;4137;0;8;21-Thg8-21
Can Tho;3316;0;57;21-Thg8-21
Da Nang;3225;0;49;21-Thg8-21
Ha Noi;3025;0;34;21-Thg8-21
Ba Ria - Vung Tau;2839;0;25;21-Thg8-21
Phu Yen;2364;0;0;21-Thg8-21
Vinh Long;1925;0;28;21-Thg8-21
Bac Ninh;1835;0;15;21-Thg8-21
Binh Thuan;1646;0;16;21-Thg8-21
Ben Tre;1483;0;34;21-Thg8-21
An Giang;1227;0;1;21-Thg8-21
Tra Vinh;1068;0;8;21-Thg8-21
Hai Duong;931;0;1;21-Thg8-21
Kien Giang;845;0;5;21-Thg8-21
Nghe An;705;0;1;21-Thg8-21
Soc Trang;671;0;11;21-Thg8-21
Ninh Thuan;666;0;3;21-Thg8-21
Binh Dinh;549;0;5;21-Thg8-21
Quang Ngai;543;0;0;21-Thg8-21
Dak Lak;534;0;2;21-Thg8-21
Quang Nam;505;0;5;21-Thg8-21
Gia Lai;443;0;0;21-Thg8-21
Thua Thien Hue;416;0;1;21-Thg8-21
Hau Giang;381;0;2;21-Thg8-21
Ha Tinh;369;0;2;21-Thg8-21
Binh Phuoc;337;0;1;21-Thg8-21
Hung Yen;331;0;1;21-Thg8-21
Vinh Phuc;255;0;1;21-Thg8-21
Lam Dong;210;0;0;21-Thg8-21
Thanh Hoa;209;0;0;21-Thg8-21
Dak Nong;207;0;0;21-Thg8-21
Lang Son;162;0;1;21-Thg8-21
Bac Lieu;142;0;0;21-Thg8-21
Thai Binh;118;0;0;21-Thg8-21
Son La;117;0;0;21-Thg8-21
Ninh Binh;111;0;0;21-Thg8-21
Quang Ninh;107;0;0;21-Thg8-21
Quang Binh;102;0;0;21-Thg8-21
Lao Cai;90;0;0;21-Thg8-21
Quang Tri;84;0;1;21-Thg8-21
Ca Mau;80;0;1;21-Thg8-21
Ha Nam;76;0;0;21-Thg8-21
Dien Bien;62;0;0;21-Thg8-21
Nam Dinh;56;0;1;21-Thg8-21
Hai Phong;53;0;0;21-Thg8-21
Hoa Binh;45;0;0;21-Thg8-21
Ha Giang;24;0;0;21-Thg8-21
Thai Nguyen;21;0;0;21-Thg8-21
Kon Tum;21;0;0;21-Thg8-21
Phu Tho;18;0;0;21-Thg8-21
Yen Bai;7;0;0;21-Thg8-21
Bac Kan;7;0;0;21-Thg8-21
Tuyen Quang;2;0;0;21-Thg8-21
Lai Chau;2;0;0;21-Thg8-21
Cao Bang;0;0;0;21-Thg8-21
Ho Chi Minh;171581;0;6071;22-Thg8-21
Binh Duong;66436;0;508;22-Thg8-21
Long An;17440;0;215;22-Thg8-21
Dong Nai;16940;0;113;22-Thg8-21
Tien Giang;6624;0;160;22-Thg8-21
Bac Giang;5851;0;13;22-Thg8-21
Khanh Hoa;5344;0;35;22-Thg8-21
Dong Thap;5310;0;105;22-Thg8-21
Tay Ninh;4220;0;8;22-Thg8-21
Da Nang;3422;0;49;22-Thg8-21
Can Tho;3416;0;57;22-Thg8-21
Ha Noi;3101;0;34;22-Thg8-21
Ba Ria - Vung Tau;2896;0;25;22-Thg8-21
Phu Yen;2409;0;0;22-Thg8-21
Vinh Long;1925;0;28;22-Thg8-21
Bac Ninh;1838;0;15;22-Thg8-21
Binh Thuan;1689;0;16;22-Thg8-21
Ben Tre;1525;0;34;22-Thg8-21
An Giang;1299;0;1;22-Thg8-21
Tra Vinh;1092;0;8;22-Thg8-21
Hai Duong;932;0;1;22-Thg8-21
Kien Giang;888;0;5;22-Thg8-21
Nghe An;765;0;1;22-Thg8-21
Soc Trang;671;0;11;22-Thg8-21
Ninh Thuan;670;0;3;22-Thg8-21
Dak Lak;566;0;2;22-Thg8-21
Binh Dinh;549;0;5;22-Thg8-21
Quang Ngai;546;0;0;22-Thg8-21
Quang Nam;537;0;5;22-Thg8-21
Gia Lai;454;0;0;22-Thg8-21
Thua Thien Hue;422;0;1;22-Thg8-21
Hau Giang;393;0;2;22-Thg8-21
Ha Tinh;372;0;2;22-Thg8-21
Binh Phuoc;345;0;1;22-Thg8-21
Hung Yen;331;0;1;22-Thg8-21
Vinh Phuc;255;0;1;22-Thg8-21
Lam Dong;220;0;0;22-Thg8-21
Thanh Hoa;212;0;0;22-Thg8-21
Dak Nong;207;0;0;22-Thg8-21
Lang Son;169;0;1;22-Thg8-21
Bac Lieu;142;0;0;22-Thg8-21
Thai Binh;118;0;0;22-Thg8-21
Son La;117;0;0;22-Thg8-21
Ninh Binh;113;0;0;22-Thg8-21
Quang Ninh;107;0;0;22-Thg8-21
Quang Binh;106;0;0;22-Thg8-21
Lao Cai;90;0;0;22-Thg8-21
Ca Mau;86;0;1;22-Thg8-21
Quang Tri;84;0;1;22-Thg8-21
Ha Nam;76;0;0;22-Thg8-21
Dien Bien;62;0;0;22-Thg8-21
Nam Dinh;57;0;1;22-Thg8-21
Hai Phong;53;0;0;22-Thg8-21
Hoa Binh;45;0;0;22-Thg8-21
Ha Giang;24;0;0;22-Thg8-21
Thai Nguyen;21;0;0;22-Thg8-21
Kon Tum;21;0;0;22-Thg8-21
Phu Tho;19;0;0;22-Thg8-21
Yen Bai;7;0;0;22-Thg8-21
Bac Kan;7;0;0;22-Thg8-21
Lai Chau;2;0;0;22-Thg8-21
Tuyen Quang;2;0;0;22-Thg8-21
Cao Bang;0;0;0;22-Thg8-21
Ho Chi Minh;175994;0;6670;23-Thg8-21
Binh Duong;70242;0;570;23-Thg8-21
Long An;17805;0;219;23-Thg8-21
Dong Nai;17688;0;138;23-Thg8-21
Tien Giang;7284;0;182;23-Thg8-21
Bac Giang;5857;0;13;23-Thg8-21
Khanh Hoa;5504;0;35;23-Thg8-21
Dong Thap;5452;0;116;23-Thg8-21
Tay Ninh;4303;0;8;23-Thg8-21
Da Nang;3605;0;49;23-Thg8-21
Can Tho;3513;0;61;23-Thg8-21
Ha Noi;3112;0;36;23-Thg8-21
Ba Ria - Vung Tau;3003;0;26;23-Thg8-21
Phu Yen;2447;0;0;23-Thg8-21
Vinh Long;1974;0;29;23-Thg8-21
Bac Ninh;1849;0;15;23-Thg8-21
Binh Thuan;1736;0;16;23-Thg8-21
Ben Tre;1525;0;36;23-Thg8-21
An Giang;1368;0;1;23-Thg8-21
Tra Vinh;1131;0;8;23-Thg8-21
Hai Duong;932;0;1;23-Thg8-21
Kien Giang;903;0;6;23-Thg8-21
Nghe An;833;0;1;23-Thg8-21
Soc Trang;809;0;12;23-Thg8-21
Ninh Thuan;675;0;3;23-Thg8-21
Binh Dinh;569;0;5;23-Thg8-21
Dak Lak;566;0;2;23-Thg8-21
Quang Nam;553;0;5;23-Thg8-21
Quang Ngai;549;0;0;23-Thg8-21
Gia Lai;464;0;0;23-Thg8-21
Thua Thien Hue;422;0;2;23-Thg8-21
Hau Giang;400;0;2;23-Thg8-21
Ha Tinh;392;0;3;23-Thg8-21
Binh Phuoc;345;0;1;23-Thg8-21
Hung Yen;331;0;1;23-Thg8-21
Vinh Phuc;255;0;1;23-Thg8-21
Dak Nong;246;0;0;23-Thg8-21
Lam Dong;220;0;0;23-Thg8-21
Thanh Hoa;212;0;0;23-Thg8-21
Lang Son;174;0;1;23-Thg8-21
Bac Lieu;142;0;0;23-Thg8-21
Son La;132;0;0;23-Thg8-21
Thai Binh;119;0;0;23-Thg8-21
Ninh Binh;113;0;0;23-Thg8-21
Quang Ninh;107;0;0;23-Thg8-21
Quang Binh;106;0;0;23-Thg8-21
Lao Cai;96;0;0;23-Thg8-21
Ca Mau;96;0;1;23-Thg8-21
Quang Tri;87;0;1;23-Thg8-21
Ha Nam;76;0;0;23-Thg8-21
Dien Bien;62;0;0;23-Thg8-21
Nam Dinh;57;0;1;23-Thg8-21
Hai Phong;53;0;0;23-Thg8-21
Hoa Binh;45;0;0;23-Thg8-21
Ha Giang;24;0;0;23-Thg8-21
Thai Nguyen;21;0;0;23-Thg8-21
Kon Tum;21;0;0;23-Thg8-21
Phu Tho;19;0;0;23-Thg8-21
Yen Bai;7;0;0;23-Thg8-21
Bac Kan;7;0;0;23-Thg8-21
Lai Chau;2;0;0;23-Thg8-21
Tuyen Quang;2;0;0;23-Thg8-21
Cao Bang;0;0;0;23-Thg8-21
Ho Chi Minh;180245;0;7010;24-Thg8-21
Binh Duong;73425;0;604;24-Thg8-21
Dong Nai;18311;0;140;24-Thg8-21
Long An;18193;0;225;24-Thg8-21
Tien Giang;7743;0;182;24-Thg8-21
Bac Giang;5866;0;13;24-Thg8-21
Khanh Hoa;5749;0;35;24-Thg8-21
Dong Thap;5552;0;118;24-Thg8-21
Tay Ninh;4320;0;8;24-Thg8-21
Da Nang;3757;0;52;24-Thg8-21
Can Tho;3598;0;62;24-Thg8-21
Ba Ria - Vung Tau;3158;0;27;24-Thg8-21
Ha Noi;3153;0;36;24-Thg8-21
Phu Yen;2490;0;0;24-Thg8-21
Vinh Long;1984;0;29;24-Thg8-21
Bac Ninh;1851;0;15;24-Thg8-21
Binh Thuan;1772;0;16;24-Thg8-21
Ben Tre;1590;0;36;24-Thg8-21
An Giang;1443;0;1;24-Thg8-21
Tra Vinh;1165;0;8;24-Thg8-21
Kien Giang;960;0;6;24-Thg8-21
Nghe An;944;0;1;24-Thg8-21
Hai Duong;932;0;1;24-Thg8-21
Soc Trang;809;0;12;24-Thg8-21
Dak Lak;694;0;2;24-Thg8-21
Ninh Thuan;679;0;3;24-Thg8-21
Binh Dinh;588;0;5;24-Thg8-21
Quang Nam;561;0;5;24-Thg8-21
Quang Ngai;549;0;0;24-Thg8-21
Gia Lai;469;0;0;24-Thg8-21
Thua Thien Hue;439;0;2;24-Thg8-21
Hau Giang;400;0;2;24-Thg8-21
Ha Tinh;396;0;3;24-Thg8-21
Binh Phuoc;358;0;1;24-Thg8-21
Hung Yen;331;0;1;24-Thg8-21
Vinh Phuc;255;0;1;24-Thg8-21
Dak Nong;253;0;0;24-Thg8-21
Lam Dong;221;0;0;24-Thg8-21
Thanh Hoa;213;0;0;24-Thg8-21
Lang Son;174;0;1;24-Thg8-21
Son La;153;0;0;24-Thg8-21
Bac Lieu;147;0;0;24-Thg8-21
Thai Binh;119;0;0;24-Thg8-21
Ninh Binh;119;0;0;24-Thg8-21
Quang Binh;112;0;0;24-Thg8-21
Quang Ninh;107;0;0;24-Thg8-21
Ca Mau;97;0;1;24-Thg8-21
Lao Cai;96;0;0;24-Thg8-21
Quang Tri;87;0;1;24-Thg8-21
Ha Nam;77;0;0;24-Thg8-21
Dien Bien;62;0;0;24-Thg8-21
Nam Dinh;57;0;1;24-Thg8-21
Hai Phong;53;0;0;24-Thg8-21
Hoa Binh;45;0;0;24-Thg8-21
Phu Tho;28;0;0;24-Thg8-21
Ha Giang;24;0;0;24-Thg8-21
Kon Tum;21;0;0;24-Thg8-21
Thai Nguyen;21;0;0;24-Thg8-21
Bac Kan;7;0;0;24-Thg8-21
Yen Bai;7;0;0;24-Thg8-21
Lai Chau;2;0;0;24-Thg8-21
Tuyen Quang;2;0;0;24-Thg8-21
Cao Bang;0;0;0;24-Thg8-21
Ho Chi Minh;184879;0;7302;25-Thg8-21
Binh Duong;77053;0;639;25-Thg8-21
Dong Nai;19110;0;144;25-Thg8-21
Long An;18588;0;225;25-Thg8-21
Tien Giang;7836;0;185;25-Thg8-21
Khanh Hoa;5953;0;35;25-Thg8-21
Bac Giang;5869;0;13;25-Thg8-21
Dong Thap;5714;0;121;25-Thg8-21
Tay Ninh;4425;0;8;25-Thg8-21
Da Nang;3910;0;52;25-Thg8-21
Can Tho;3670;0;62;25-Thg8-21
Ba Ria - Vung Tau;3222;0;29;25-Thg8-21
Ha Noi;3219;0;36;25-Thg8-21
Phu Yen;2514;0;0;25-Thg8-21
Vinh Long;1950;0;29;25-Thg8-21
Bac Ninh;1854;0;15;25-Thg8-21
Binh Thuan;1828;0;17;25-Thg8-21
Ben Tre;1602;0;37;25-Thg8-21
An Giang;1485;0;2;25-Thg8-21
Tra Vinh;1171;0;8;25-Thg8-21
Kien Giang;1021;0;6;25-Thg8-21
Nghe An;972;0;1;25-Thg8-21
Hai Duong;932;0;1;25-Thg8-21
Soc Trang;851;0;14;25-Thg8-21
Dak Lak;715;0;2;25-Thg8-21
Ninh Thuan;683;0;4;25-Thg8-21
Binh Dinh;593;0;6;25-Thg8-21
Quang Nam;572;0;6;25-Thg8-21
Quang Ngai;550;0;0;25-Thg8-21
Gia Lai;472;0;0;25-Thg8-21
Thua Thien Hue;452;0;3;25-Thg8-21
Hau Giang;409;0;2;25-Thg8-21
Ha Tinh;406;0;3;25-Thg8-21
Binh Phuoc;378;0;1;25-Thg8-21
Hung Yen;331;0;1;25-Thg8-21
Vinh Phuc;255;0;1;25-Thg8-21
Dak Nong;253;0;0;25-Thg8-21
Lam Dong;226;0;0;25-Thg8-21
Thanh Hoa;218;0;0;25-Thg8-21
Lang Son;181;0;1;25-Thg8-21
Son La;162;0;0;25-Thg8-21
Bac Lieu;154;0;0;25-Thg8-21
Ninh Binh;119;0;0;25-Thg8-21
Thai Binh;119;0;0;25-Thg8-21
Quang Binh;114;0;0;25-Thg8-21
Quang Ninh;107;0;0;25-Thg8-21
Ca Mau;98;0;1;25-Thg8-21
Quang Tri;96;0;1;25-Thg8-21
Lao Cai;96;0;0;25-Thg8-21
Ha Nam;78;0;0;25-Thg8-21
Dien Bien;62;0;0;25-Thg8-21
Nam Dinh;57;0;1;25-Thg8-21
Hai Phong;57;0;0;25-Thg8-21
Hoa Binh;45;0;0;25-Thg8-21
Phu Tho;29;0;0;25-Thg8-21
Ha Giang;24;0;0;25-Thg8-21
Thai Nguyen;21;0;0;25-Thg8-21
Kon Tum;21;0;0;25-Thg8-21
Bac Kan;7;0;0;25-Thg8-21
Yen Bai;7;0;0;25-Thg8-21
Lai Chau;2;0;0;25-Thg8-21
Tuyen Quang;2;0;0;25-Thg8-21
Cao Bang;0;0;0;25-Thg8-21
Ho Chi Minh;190174;0;7568;26-Thg8-21
Binh Duong;81182;0;670;26-Thg8-21
Dong Nai;19728;0;157;26-Thg8-21
Long An;19048;0;241;26-Thg8-21
Tien Giang;8155;0;186;26-Thg8-21
Khanh Hoa;6103;0;36;26-Thg8-21
Bac Giang;5869;0;13;26-Thg8-21
Dong Thap;5807;0;121;26-Thg8-21
Tay Ninh;4544;0;8;26-Thg8-21
Da Nang;4072;0;55;26-Thg8-21
Can Tho;3760;0;62;26-Thg8-21
Ha Noi;3315;0;37;26-Thg8-21
Ba Ria - Vung Tau;3297;0;29;26-Thg8-21
Phu Yen;2541;0;0;26-Thg8-21
Vinh Long;2000;0;29;26-Thg8-21
Binh Thuan;1934;0;17;26-Thg8-21
Bac Ninh;1857;0;15;26-Thg8-21
Ben Tre;1602;0;38;26-Thg8-21
An Giang;1535;0;2;26-Thg8-21
Tra Vinh;1195;0;8;26-Thg8-21
Nghe An;1067;0;1;26-Thg8-21
Kien Giang;1044;0;6;26-Thg8-21
Hai Duong;932;0;1;26-Thg8-21
Soc Trang;855;0;14;26-Thg8-21
Dak Lak;755;0;2;26-Thg8-21
Ninh Thuan;689;0;4;26-Thg8-21
Binh Dinh;611;0;6;26-Thg8-21
Quang Nam;581;0;6;26-Thg8-21
Quang Ngai;552;0;0;26-Thg8-21
Gia Lai;472;0;0;26-Thg8-21
Thua Thien Hue;452;0;4;26-Thg8-21
Ha Tinh;421;0;3;26-Thg8-21
Hau Giang;413;0;2;26-Thg8-21
Binh Phuoc;385;0;2;26-Thg8-21
Hung Yen;331;0;1;26-Thg8-21
Dak Nong;258;0;0;26-Thg8-21
Vinh Phuc;255;0;1;26-Thg8-21
Lam Dong;226;0;0;26-Thg8-21
Thanh Hoa;221;0;0;26-Thg8-21
Lang Son;181;0;1;26-Thg8-21
Son La;166;0;0;26-Thg8-21
Bac Lieu;161;0;0;26-Thg8-21
Ca Mau;126;0;1;26-Thg8-21
Thai Binh;121;0;0;26-Thg8-21
Ninh Binh;119;0;0;26-Thg8-21
Quang Binh;115;0;0;26-Thg8-21
Quang Ninh;107;0;0;26-Thg8-21
Quang Tri;96;0;1;26-Thg8-21
Lao Cai;96;0;0;26-Thg8-21
Ha Nam;78;0;0;26-Thg8-21
Dien Bien;62;0;0;26-Thg8-21
Nam Dinh;57;0;1;26-Thg8-21
Hai Phong;57;0;0;26-Thg8-21
Hoa Binh;45;0;0;26-Thg8-21
Phu Tho;31;0;0;26-Thg8-21
Ha Giang;24;0;0;26-Thg8-21
Kon Tum;21;0;0;26-Thg8-21
Thai Nguyen;21;0;0;26-Thg8-21
Yen Bai;7;0;0;26-Thg8-21
Bac Kan;7;0;0;26-Thg8-21
Tuyen Quang;2;0;0;26-Thg8-21
Lai Chau;2;0;0;26-Thg8-21
Cao Bang;0;0;0;26-Thg8-21
Ho Chi Minh;194108;0;7810;27-Thg8-21
Binh Duong;86050;0;716;27-Thg8-21
Dong Nai;20471;0;157;27-Thg8-21
Long An;19497;0;244;27-Thg8-21
Tien Giang;8509;0;195;27-Thg8-21
Khanh Hoa;6234;0;39;27-Thg8-21
Dong Thap;5923;0;124;27-Thg8-21
Bac Giang;5872;0;13;27-Thg8-21
Tay Ninh;4586;0;8;27-Thg8-21
Da Nang;4216;0;55;27-Thg8-21
Can Tho;3832;0;62;27-Thg8-21
Ha Noi;3366;0;38;27-Thg8-21
Ba Ria - Vung Tau;3341;0;29;27-Thg8-21
Phu Yen;2565;0;0;27-Thg8-21
Vinh Long;2012;0;32;27-Thg8-21
Binh Thuan;1982;0;19;27-Thg8-21
Bac Ninh;1857;0;15;27-Thg8-21
An Giang;1669;0;2;27-Thg8-21
Ben Tre;1657;0;39;27-Thg8-21
Tra Vinh;1215;0;9;27-Thg8-21
Kien Giang;1156;0;7;27-Thg8-21
Nghe An;1110;0;1;27-Thg8-21
Hai Duong;932;0;1;27-Thg8-21
Soc Trang;864;0;16;27-Thg8-21
Dak Lak;765;0;2;27-Thg8-21
Ninh Thuan;694;0;4;27-Thg8-21
Binh Dinh;626;0;6;27-Thg8-21
Quang Nam;589;0;6;27-Thg8-21
Quang Ngai;559;0;0;27-Thg8-21
Gia Lai;480;0;0;27-Thg8-21
Thua Thien Hue;476;0;5;27-Thg8-21
Ha Tinh;430;0;3;27-Thg8-21
Hau Giang;413;0;2;27-Thg8-21
Binh Phuoc;398;0;2;27-Thg8-21
Hung Yen;334;0;1;27-Thg8-21
Dak Nong;266;0;0;27-Thg8-21
Vinh Phuc;255;0;1;27-Thg8-21
Thanh Hoa;230;0;0;27-Thg8-21
Lam Dong;227;0;0;27-Thg8-21
Lang Son;187;0;1;27-Thg8-21
Son La;176;0;0;27-Thg8-21
Bac Lieu;165;0;0;27-Thg8-21
Quang Binh;138;0;0;27-Thg8-21
Ca Mau;127;0;1;27-Thg8-21
Thai Binh;121;0;0;27-Thg8-21
Ninh Binh;119;0;0;27-Thg8-21
Quang Ninh;107;0;0;27-Thg8-21
Quang Tri;98;0;1;27-Thg8-21
Lao Cai;96;0;0;27-Thg8-21
Ha Nam;79;0;0;27-Thg8-21
Dien Bien;62;0;0;27-Thg8-21
Nam Dinh;57;0;1;27-Thg8-21
Hai Phong;57;0;0;27-Thg8-21
Hoa Binh;45;0;0;27-Thg8-21
Phu Tho;31;0;0;27-Thg8-21
Ha Giang;24;0;0;27-Thg8-21
Thai Nguyen;21;0;0;27-Thg8-21
Kon Tum;21;0;0;27-Thg8-21
Yen Bai;7;0;0;27-Thg8-21
Bac Kan;7;0;0;27-Thg8-21
Lai Chau;2;0;0;27-Thg8-21
Tuyen Quang;2;0;0;27-Thg8-21
Cao Bang;0;0;0;27-Thg8-21
Ho Chi Minh;199492;0;8097;28-Thg8-21
Binh Duong;94745;0;750;28-Thg8-21
Dong Nai;21467;0;170;28-Thg8-21
Long An;19951;0;251;28-Thg8-21
Tien Giang;8821;0;195;28-Thg8-21
Khanh Hoa;6365;0;49;28-Thg8-21
Dong Thap;6045;0;124;28-Thg8-21
Bac Giang;5874;0;13;28-Thg8-21
Tay Ninh;4718;0;8;28-Thg8-21
Da Nang;4418;0;57;28-Thg8-21
Can Tho;3904;0;62;28-Thg8-21
Ha Noi;3443;0;38;28-Thg8-21
Ba Ria - Vung Tau;3400;0;29;28-Thg8-21
Phu Yen;2586;0;30;28-Thg8-21
Binh Thuan;2069;0;19;28-Thg8-21
Vinh Long;2026;0;32;28-Thg8-21
Bac Ninh;1859;0;15;28-Thg8-21
An Giang;1760;0;2;28-Thg8-21
Ben Tre;1688;0;40;28-Thg8-21
Tra Vinh;1234;0;9;28-Thg8-21
Kien Giang;1184;0;7;28-Thg8-21
Nghe An;1167;0;1;28-Thg8-21
Hai Duong;949;0;1;28-Thg8-21
Soc Trang;872;0;17;28-Thg8-21
Dak Lak;828;0;2;28-Thg8-21
Ninh Thuan;700;0;4;28-Thg8-21
Binh Dinh;655;0;6;28-Thg8-21
Quang Nam;594;0;6;28-Thg8-21
Quang Ngai;568;0;0;28-Thg8-21
Thua Thien Hue;546;0;5;28-Thg8-21
Gia Lai;484;0;0;28-Thg8-21
Ha Tinh;436;0;3;28-Thg8-21
Hau Giang;428;0;2;28-Thg8-21
Binh Phuoc;415;0;2;28-Thg8-21
Hung Yen;334;0;1;28-Thg8-21
Dak Nong;266;0;0;28-Thg8-21
Quang Binh;263;0;0;28-Thg8-21
Thanh Hoa;258;0;1;28-Thg8-21
Vinh Phuc;255;0;1;28-Thg8-21
Lam Dong;227;0;0;28-Thg8-21
Lang Son;187;0;1;28-Thg8-21
Son La;179;0;0;28-Thg8-21
Bac Lieu;168;0;0;28-Thg8-21
Ca Mau;135;0;1;28-Thg8-21
Ninh Binh;124;0;0;28-Thg8-21
Thai Binh;121;0;0;28-Thg8-21
Quang Tri;111;0;1;28-Thg8-21
Quang Ninh;107;0;0;28-Thg8-21
Lao Cai;96;0;0;28-Thg8-21
Ha Nam;83;0;0;28-Thg8-21
Dien Bien;62;0;0;28-Thg8-21
Hai Phong;59;0;0;28-Thg8-21
Nam Dinh;57;0;1;28-Thg8-21
Hoa Binh;45;0;0;28-Thg8-21
Phu Tho;31;0;0;28-Thg8-21
Ha Giang;24;0;0;28-Thg8-21
Thai Nguyen;21;0;0;28-Thg8-21
Kon Tum;21;0;0;28-Thg8-21
Bac Kan;7;0;0;28-Thg8-21
Yen Bai;7;0;0;28-Thg8-21
Lai Chau;2;0;0;28-Thg8-21
Tuyen Quang;2;0;0;28-Thg8-21
Cao Bang;0;0;0;28-Thg8-21
Ho Chi Minh;204973;0;8368;29-Thg8-21
Binh Duong;98794;0;788;29-Thg8-21
Dong Nai;22264;0;186;29-Thg8-21
Long An;20402;0;255;29-Thg8-21
Tien Giang;9062;0;210;29-Thg8-21
Khanh Hoa;6457;0;51;29-Thg8-21
Dong Thap;6188;0;126;29-Thg8-21
Bac Giang;5875;0;13;29-Thg8-21
Tay Ninh;4718;0;8;29-Thg8-21
Da Nang;4527;0;58;29-Thg8-21
Can Tho;3941;0;62;29-Thg8-21
Ha Noi;3504;0;38;29-Thg8-21
Ba Ria - Vung Tau;3435;0;29;29-Thg8-21
Phu Yen;2602;0;30;29-Thg8-21
Binh Thuan;2118;0;19;29-Thg8-21
Vinh Long;2032;0;32;29-Thg8-21
Bac Ninh;1861;0;15;29-Thg8-21
An Giang;1780;0;2;29-Thg8-21
Ben Tre;1713;0;41;29-Thg8-21
Kien Giang;1261;0;7;29-Thg8-21
Nghe An;1237;0;2;29-Thg8-21
Tra Vinh;1234;0;9;29-Thg8-21
Hai Duong;949;0;1;29-Thg8-21
Soc Trang;888;0;17;29-Thg8-21
Dak Lak;888;0;2;29-Thg8-21
Ninh Thuan;706;0;4;29-Thg8-21
Binh Dinh;666;0;6;29-Thg8-21
Quang Nam;594;0;6;29-Thg8-21
Quang Ngai;583;0;0;29-Thg8-21
Thua Thien Hue;570;0;6;29-Thg8-21
Gia Lai;486;0;0;29-Thg8-21
Ha Tinh;442;0;3;29-Thg8-21
Hau Giang;439;0;2;29-Thg8-21
Binh Phuoc;415;0;2;29-Thg8-21
Quang Binh;353;0;0;29-Thg8-21
Hung Yen;334;0;1;29-Thg8-21
Thanh Hoa;280;0;1;29-Thg8-21
Dak Nong;274;0;0;29-Thg8-21
Vinh Phuc;255;0;1;29-Thg8-21
Lam Dong;231;0;0;29-Thg8-21
Lang Son;190;0;1;29-Thg8-21
Bac Lieu;181;0;0;29-Thg8-21
Son La;179;0;0;29-Thg8-21
Ca Mau;140;0;1;29-Thg8-21
Ninh Binh;124;0;0;29-Thg8-21
Thai Binh;121;0;0;29-Thg8-21
Quang Tri;111;0;1;29-Thg8-21
Quang Ninh;107;0;0;29-Thg8-21
Lao Cai;96;0;0;29-Thg8-21
Ha Nam;83;0;0;29-Thg8-21
Dien Bien;62;0;0;29-Thg8-21
Hai Phong;59;0;0;29-Thg8-21
Nam Dinh;57;0;1;29-Thg8-21
Hoa Binh;45;0;0;29-Thg8-21
Phu Tho;31;0;0;29-Thg8-21
Ha Giang;24;0;0;29-Thg8-21
Thai Nguyen;21;0;0;29-Thg8-21
Kon Tum;21;0;0;29-Thg8-21
Yen Bai;7;0;0;29-Thg8-21
Bac Kan;7;0;0;29-Thg8-21
Lai Chau;2;0;0;29-Thg8-21
Tuyen Quang;2;0;0;29-Thg8-21
Cao Bang;0;0;0;29-Thg8-21
